{"stats":{"minecraft:picked_up":{"minecraft:stick":9,"minecraft:crafting_table":4,"minecraft:jungle_log":11,"minecraft:acacia_log":7,"minecraft:oak_log":27,"minecraft:dirt":4,"minecraft:apple":1,"minecraft:hay_block":47,"theoneprobe:probenote":1,"minecraft:jungle_sapling":3,"minecraft:oak_sapling":7,"minecraft:acacia_sapling":2,"minecraft:cobblestone":35},"minecraft:mined":{"minecraft:hay_block":47,"minecraft:acacia_leaves":3,"minecraft:jungle_leaves":2,"minecraft:crafting_table":4,"minecraft:grass":2,"minecraft:acacia_log":7,"minecraft:grass_block":1,"minecraft:oak_log":22,"minecraft:vine":1,"minecraft:jungle_log":11,"minecraft:dead_bush":1,"minecraft:dirt":3,"minecraft:stone":35,"minecraft:oak_leaves":7},"minecraft:dropped":{"theoneprobe:probenote":1},"minecraft:used":{"minecraft:bread":3,"minecraft:stone_pickaxe":20,"minecraft:wooden_pickaxe":19,"minecraft:stone_hoe":26,"minecraft:stone_axe":41,"minecraft:dirt":4,"minecraft:crafting_table":5},"minecraft:crafted":{"silentgear:pickaxe":1,"minecraft:crafting_table":2,"silentgear:rod":4,"minecraft:stick":5,"minecraft:wooden_pickaxe":1,"minecraft:stone_pickaxe":1,"minecraft:acacia_planks":7,"minecraft:stone_hoe":1,"minecraft:stone_axe":1,"minecraft:bread":60,"minecraft:air":274,"minecraft:wheat":20},"minecraft:custom":{"minecraft:time_since_rest":10463,"minecraft:sprint_one_cm":49352,"minecraft:walk_one_cm":18244,"minecraft:drop":1,"minecraft:swim_one_cm":1869,"minecraft:interact_with_crafting_table":5,"minecraft:fly_one_cm":30839,"minecraft:crouch_one_cm":411,"minecraft:play_time":21542,"minecraft:sneak_time":191,"minecraft:walk_under_water_one_cm":212,"minecraft:jump":195,"minecraft:walk_on_water_one_cm":615,"minecraft:time_since_death":21542,"minecraft:sleep_in_bed":1,"minecraft:climb_one_cm":320,"minecraft:total_world_time":21542,"minecraft:fall_one_cm":3522}},"DataVersion":3120}